{"max": [2274150.0, 44726.0, 29999.0, 550623040.0, 0.5609999895095825, 0.7950000166893005, 12.974479675292969, 0.3999859094619751, 0.9403213858604431, 6.283092021942139, 0.975698709487915, 1.0, 0.0, 0.0, 1.4491394758224487, 0.0, 1.191482663154602, 0.0, 1.1936557292938232, 1.1998037099838257, 1.758768916130066, 6.2829909324646, 389888.8125, 6.672619819641113, 12.974479675292969, 6.672619819641113, 25.726852416992188], "names": ["row", "RunNumber", "BurstNumber", "EventNumber", "Polarization(beam)", "Polarization(target)", "Q^2", "x", "y", "Phi_s", "epsilon", "Charge", "Pi+/-Weight", "Pi0Weight", "K+/-", "ProtonWeight", "Z(Pi+/-)", "Z(Pi0)", "Z(K+/-)", "Z(ProtonWeight)", "P_hperp", "Phi_h", "(q/zp)^2", "zp2", "A", "B", "C"], "min": [43.0, 5.0, 2.0, 8041.0, -0.5479999780654907, -0.7950000166893005, 1.0000101327896118, 0.023052100092172623, 0.19663919508457184, 5.8099998568650335e-05, 0.11765120178461075, 1.0, -0.25299718976020813, 0.0, 1.0207139253616333, -0.13333439826965332, 0.18325389921665192, 0.0, 0.18776269257068634, 0.20000270009040833, 0.0013312000082805753, 0.0005695000290870667, 1.5000364780426025, 6.736564955645008e-06, 1.0000101327896118, 6.736564955645008e-06, 1.9537792205810547]}