{"max": [2274025.0, 44723.0, 29987.0, 549618560.0, 0.5609999895095825, 0.7950000166893005, 5.02078914642334, 0.1684056967496872, 0.9497948288917542, 6.282219886779785, 0.9563847780227661, 1.0, -0.009766999632120132, 0.0, 1.4491394758224487, 0.0, 0.8125416040420532, 0.0, 0.8130630254745483, 0.8145415782928467, 2.343869686126709, 6.282838821411133, 0.2999913990497589, 28.60541534423828, 5.02078914642334, 28.60541534423828, 2.66235613822937], "names": ["row", "RunNumber", "BurstNumber", "EventNumber", "Polarization(beam)", "Polarization(target)", "Q^2", "x", "y", "Phi_s", "epsilon", "Charge", "Pi+/-Weight", "Pi0Weight", "K+/-", "ProtonWeight", "Z(Pi+/-)", "Z(Pi0)", "Z(K+/-)", "Z(ProtonWeight)", "P_hperp", "Phi_h", "(q/zp)^2", "zp2", "A", "B", "C"], "min": [344.0, 7.0, 1.0, 62962.0, -0.5450000166893005, -0.7950000166893005, 1.0000534057617188, 0.023006999865174294, 0.2575373947620392, 0.0007269000052474439, 0.09920120239257812, 1.0, -0.25299718976020813, 0.0, 1.0207139253616333, -0.11165360361337662, 0.1844467967748642, 0.0, 0.18883539736270905, 0.20001329481601715, 0.35554489493370056, 0.0010599000379443169, 0.04274190217256546, 3.342222213745117, 1.0000534057617188, 3.342222213745117, 0.45295554399490356]}