{"max": [2274187.0, 44727.0, 29999.0, 550603136.0, 0.5609999895095825, 0.7950000166893005, 13.086033821105957, 0.39913469552993774, 0.9488554000854492, 6.283123970031738, 0.9750266075134277, -1.0, 0.0, 0.0, 1.4491394758224487, 0.0, 1.1867376565933228, 0.0, 1.1874982118606567, 1.189655065536499, 2.616907835006714, 6.283146381378174, 437584.96875, 17.275850296020508, 13.086033821105957, 17.275850296020508, 25.654150009155273], "names": ["row", "RunNumber", "BurstNumber", "EventNumber", "Polarization(beam)", "Polarization(target)", "Q^2", "x", "y", "Phi_s", "epsilon", "Charge", "Pi+/-Weight", "Pi0Weight", "K+/-", "ProtonWeight", "Z(Pi+/-)", "Z(Pi0)", "Z(K+/-)", "Z(ProtonWeight)", "P_hperp", "Phi_h", "(q/zp)^2", "zp2", "A", "B", "C"], "min": [23.0, 5.0, 2.0, 13413.0, -0.5479999780654907, -0.7950000166893005, 1.0000077486038208, 0.023000499233603477, 0.1989818960428238, 5.339999916031957e-05, 0.10107880085706711, -1.0, -0.25299718976020813, 0.0, 1.0207139253616333, -0.13333439826965332, 0.1819916069507599, 0.0, 0.1868889033794403, 0.20000110566616058, 0.0005995000246912241, 0.0001621999981580302, 0.30002421140670776, 2.929739594037528e-06, 1.0000077486038208, 2.929739594037528e-06, 0.4563162326812744]}