{"max": [2274171.0, 44727.0, 29999.0, 550651648.0, 0.5609999895095825, 0.7950000166893005, 8.53880786895752, 0.365926593542099, 0.9499794840812683, 6.283109188079834, 0.9747614860534668, 1.0, 1.121951699256897, 0.0, -0.000667200016323477, 0.006835899781435728, 1.0861953496932983, 0.0, 1.0872048139572144, 1.0900652408599854, 2.866302251815796, 6.283160209655762, 0.49999889731407166, 30.73679542541504, 8.53880786895752, 30.73679542541504, 4.459184169769287], "names": ["row", "RunNumber", "BurstNumber", "EventNumber", "Polarization(beam)", "Polarization(target)", "Q^2", "x", "y", "Phi_s", "epsilon", "Charge", "Pi+/-Weight", "Pi0Weight", "K+/-", "ProtonWeight", "Z(Pi+/-)", "Z(Pi0)", "Z(K+/-)", "Z(ProtonWeight)", "P_hperp", "Phi_h", "(q/zp)^2", "zp2", "A", "B", "C"], "min": [34.0, 5.0, 2.0, 10331.0, -0.5479999780654907, -0.7950000166893005, 1.0000027418136597, 0.023000100627541542, 0.2001803070306778, 2.4000000848900527e-06, 0.09867999702692032, 1.0, 1.0012904405593872, 0.0, -0.07324180006980896, -0.04227609932422638, 0.18188300728797913, 0.0, 0.1868675947189331, 0.20000000298023224, 0.26536908745765686, 9.60000033956021e-06, 0.036454133689403534, 2.008074998855591, 1.0000027418136597, 2.008074998855591, 0.4515441954135895]}