{"max": [2274185.0, 44727.0, 29999.0, 550651648.0, 0.5609999895095825, 0.7950000166893005, 13.143775939941406, 0.3999984860420227, 0.9499794840812683, 6.283176898956299, 0.9759299755096436, 1.0, 1.121951699256897, 0.0, -0.000667200016323477, 0.006835899781435728, 1.198211431503296, 0.0, 1.1995952129364014, 1.2050025463104248, 2.3409829139709473, 6.283168315887451, 5881450.0, 19.9967098236084, 13.143775939941406, 19.9967098236084, 26.602624893188477], "names": ["row", "RunNumber", "BurstNumber", "EventNumber", "Polarization(beam)", "Polarization(target)", "Q^2", "x", "y", "Phi_s", "epsilon", "Charge", "Pi+/-Weight", "Pi0Weight", "K+/-", "ProtonWeight", "Z(Pi+/-)", "Z(Pi0)", "Z(K+/-)", "Z(ProtonWeight)", "P_hperp", "Phi_h", "(q/zp)^2", "zp2", "A", "B", "C"], "min": [0.0, 5.0, 1.0, 4864.0, -0.5479999780654907, -0.7950000166893005, 1.0000011920928955, 0.02300019934773445, 0.19578449428081512, 2.4000000848900527e-06, 0.09867999702692032, 1.0, 1.0012904405593872, 0.0, -0.07324180006980896, -0.04227609932422638, 0.18165670335292816, 0.0, 0.1866326928138733, 0.20000040531158447, 0.0002494000073056668, 8.999999749903509e-07, 0.30000025033950806, 2.1966647523186111e-07, 1.0000011920928955, 2.1966647523186111e-07, 0.4515441954135895]}