{"max": [2274188.0, 44727.0, 29999.0, 550645760.0, 0.5609999895095825, 0.7950000166893005, 9.257031440734863, 0.29562288522720337, 0.949971079826355, 6.283143997192383, 0.9745581746101379, -1.0, 1.121951699256897, 0.0, -0.000667200016323477, 0.006835899781435728, 1.0748549699783325, 0.0, 1.075435757637024, 1.077082872390747, 3.0190274715423584, 6.283166408538818, 0.4999896287918091, 30.04126739501953, 9.257031440734863, 30.04126739501953, 4.686096668243408], "names": ["row", "RunNumber", "BurstNumber", "EventNumber", "Polarization(beam)", "Polarization(target)", "Q^2", "x", "y", "Phi_s", "epsilon", "Charge", "Pi+/-Weight", "Pi0Weight", "K+/-", "ProtonWeight", "Z(Pi+/-)", "Z(Pi0)", "Z(K+/-)", "Z(ProtonWeight)", "P_hperp", "Phi_h", "(q/zp)^2", "zp2", "A", "B", "C"], "min": [10.0, 5.0, 2.0, 11977.0, -0.5479999780654907, -0.7950000166893005, 1.0000094175338745, 0.02300019934773445, 0.20043960213661194, 0.0001109000004362315, 0.09893889725208282, -1.0, 1.0012904405593872, 0.0, -0.07324180006980896, -0.04227609932422638, 0.18161320686340332, 0.0, 0.18658019602298737, 0.20000059902668, 0.27131959795951843, 1.5400000847876072e-05, 0.04142673313617706, 2.0042037963867188, 1.0000094175338745, 2.0042037963867188, 0.45081087946891785]}