{"max": [2274182.0, 44727.0, 29999.0, 550634688.0, 0.5609999895095825, 0.7950000166893005, 13.077844619750977, 0.3999924957752228, 0.9421921968460083, 6.28316593170166, 0.9757238030433655, -1.0, 1.121951699256897, 0.0, -0.000667200016323477, 0.006835899781435728, 1.198747992515564, 0.0, 1.2008296251296997, 1.2067201137542725, 1.5522489547729492, 6.283116817474365, 3665850.25, 7.223893642425537, 13.077844619750977, 7.223893642425537, 26.60654067993164], "names": ["row", "RunNumber", "BurstNumber", "EventNumber", "Polarization(beam)", "Polarization(target)", "Q^2", "x", "y", "Phi_s", "epsilon", "Charge", "Pi+/-Weight", "Pi0Weight", "K+/-", "ProtonWeight", "Z(Pi+/-)", "Z(Pi0)", "Z(K+/-)", "Z(ProtonWeight)", "P_hperp", "Phi_h", "(q/zp)^2", "zp2", "A", "B", "C"], "min": [3.0, 5.0, 1.0, 5655.0, -0.5479999780654907, -0.7950000166893005, 1.0000094175338745, 0.023041699081659317, 0.19656449556350708, 1.249999968422344e-05, 0.11432760208845139, -1.0, 1.0012904405593872, 0.0, -0.07324180006980896, -0.04227609932422638, 0.1816408932209015, 0.0, 0.18663139641284943, 0.20000100135803223, 0.0003265000123064965, 2.8700000257231295e-05, 1.500001311302185, 1.2242638831594377e-06, 1.0000094175338745, 1.2242638831594377e-06, 1.951045274734497]}